llm_decile,pre_min_rare_rate,pre_max_rare_rate,pre_mean_rare_rate,pre_n,pre_pct,post_mean_rare_rate,post_n,post_pct
1,0.0,0.06997900629811057,0.027230851036977966,3291,9.999696150223329,0.026590895861416747,789,6.883014917560848
2,0.07001166861143523,0.12713660121486084,0.0997955349650347,3290,9.996657652456625,0.10055867023336441,744,6.490447526825438
3,0.12714558169103624,0.17386984600099356,0.15107794240609543,3290,9.996657652456625,0.15119360165043613,791,6.900462357149088
4,0.17391304347826086,0.22271714922048996,0.19839047615926944,3292,10.002734647990033,0.19858893699506472,854,7.450056704178662
5,0.22271714922049,0.2716653083401249,0.24691163164490626,3290,9.996657652456625,0.24714054837524566,851,7.423885544796301
6,0.2717391304347826,0.3258178026847387,0.29819296065557815,3293,10.005773145756738,0.29767323793339,917,7.999651051208236
7,0.32582938388625593,0.38993955936829794,0.3565076243512653,3290,9.996657652456625,0.3571096745904254,1076,9.386722498473349
8,0.38997214484679665,0.47460844803037494,0.42915617139409584,3292,10.002734647990033,0.4310506253785463,1142,9.962488004885284
9,0.4746182418489476,0.6093579978237214,0.5348308551363868,3291,9.999696150223329,0.5369566915274755,1336,11.654889644944605
10,0.6093769431662729,3.415941058271936,0.8353820551850393,3292,10.002734647990033,1.131405722025166,2963,25.848381749978188
