outcome,label,decile,estimate,std_error,ci_low,ci_high
WQ_index_norm,Writing complexity,1,-0.044864231760065515,0.022223535113428408,-0.088532128659392,-0.001196334860739029
WQ_index_norm,Writing complexity,2,-0.031408688920542854,0.019811566593178932,-0.07033721415244129,0.007519836311355575
WQ_index_norm,Writing complexity,3,-0.0179531460810202,0.017637676393518265,-0.05261010908734462,0.01670381692530422
WQ_index_norm,Writing complexity,4,-0.00449760324149754,0.015800439424184045,-0.035544507175445106,0.02654930069245003
WQ_index_norm,Writing complexity,5,0.008957939598025115,0.014429031262717436,-0.019394230581991793,0.03731010977804203
WQ_index_norm,Writing complexity,6,0.022413482437547774,0.013664435594343981,-0.004436303686746652,0.0492632685618422
WQ_index_norm,Writing complexity,7,0.03586902527707043,0.01360931507430856,0.009127547627267519,0.06261050292687334
WQ_index_norm,Writing complexity,8,0.04932456811659309,0.014271892419015761,0.02128116622166768,0.07736797001151849
WQ_index_norm,Writing complexity,9,0.06278011095611574,0.015560757352919773,0.03220416773670638,0.0933560541755251
WQ_index_norm,Writing complexity,10,0.0762356537956384,0.01733678820662189,0.042169917804123026,0.11030138978715379
readability_index_norm,Readability,1,-0.028313664459340387,0.02340491337748712,-0.07430289790439262,0.017675568985711855
readability_index_norm,Readability,2,-0.009049501547879757,0.021276915271639267,-0.050857347944749165,0.03275834484898965
readability_index_norm,Readability,3,0.01021466136358088,0.019515455252869976,-0.02813202306696278,0.04856134579412454
readability_index_norm,Readability,4,0.02947882427504151,0.018227111152303816,-0.006336342236897725,0.06529399078698075
readability_index_norm,Readability,5,0.04874298718650215,0.01751658885661016,0.01432395383675615,0.08316202053624815
readability_index_norm,Readability,6,0.06800715009796278,0.017454595565810565,0.033709929799887885,0.10230437039603768
readability_index_norm,Readability,7,0.08727131300942342,0.018047815506091643,0.05180845155396282,0.12273417446488402
readability_index_norm,Readability,8,0.10653547592088405,0.01923572456912511,0.06873844529631692,0.14433250654545118
readability_index_norm,Readability,9,0.12579963883234468,0.020917248189902475,0.08469851640910059,0.16690076125558878
readability_index_norm,Readability,10,0.14506380174380532,0.022984302490137193,0.0999010431493916,0.19022656033821903
lexical_index_norm,Lexical complexity,1,-0.08761702863877288,0.01813034955203215,-0.12324206448235038,-0.05199199279519538
lexical_index_norm,Lexical complexity,2,-0.0680081247485021,0.015762184515378738,-0.09897986010980464,-0.03703638938719956
lexical_index_norm,Lexical complexity,3,-0.048399220858231326,0.013847060206986806,-0.07560785325587799,-0.021190588460584664
lexical_index_norm,Lexical complexity,4,-0.02879031696796054,0.012593388023724552,-0.05353555965893672,-0.004045074276984365
lexical_index_norm,Lexical complexity,5,-0.009181413077689764,0.012206698870593953,-0.03316683506575753,0.014804008910378003
lexical_index_norm,Lexical complexity,6,0.010427490812581014,0.01276602140761677,-0.014656965994003266,0.03551194761916529
lexical_index_norm,Lexical complexity,7,0.03003639470285179,0.014159690593483988,0.0022134625812648794,0.0578593268244387
lexical_index_norm,Lexical complexity,8,0.04964529859312257,0.016173438183879375,0.01786547474797192,0.08142512243827321
lexical_index_norm,Lexical complexity,9,0.06925420248339334,0.018607017427127736,0.032692543212505316,0.10581586175428137
lexical_index_norm,Lexical complexity,10,0.08886310637366412,0.021317125093224986,0.046976250119254784,0.13074996262807348
syntactic_index_norm,Syntactic complexity,1,0.012466999759362468,0.034925460362176385,-0.05615940888682493,0.08109340840554986
syntactic_index_norm,Syntactic complexity,2,0.004713258925260824,0.030678186619799905,-0.05556751474707202,0.06499403259759368
syntactic_index_norm,Syntactic complexity,3,-0.0030404819088408128,0.026576295655700424,-0.05526128893777755,0.04918032512009592
syntactic_index_norm,Syntactic complexity,4,-0.010794222742942455,0.022698741176764566,-0.05539587069824561,0.033807425212360694
syntactic_index_norm,Syntactic complexity,5,-0.018547963577044094,0.01918205450338697,-0.05623953578173019,0.019143608627642
syntactic_index_norm,Syntactic complexity,6,-0.026301704411145738,0.0162620596070327,-0.058255663970960096,0.005652255148668621
syntactic_index_norm,Syntactic complexity,7,-0.034055445245247375,0.014308841814943511,-0.06217145045929506,-0.005939440031199686
syntactic_index_norm,Syntactic complexity,8,-0.04180918607934902,0.01374104542013024,-0.06880950585892533,-0.014808866299772707
syntactic_index_norm,Syntactic complexity,9,-0.049562926913450656,0.01471987459599108,-0.07848658658091531,-0.020639267245986005
syntactic_index_norm,Syntactic complexity,10,-0.0573166677475523,0.016979932000333216,-0.0906812029649981,-0.0239521325301065
cosine_similarity_full,Text similarity,1,-0.006703497615603234,0.024273824866295552,-0.054400089368605326,0.04099309413739885
cosine_similarity_full,Text similarity,2,-0.011051434377542631,0.02250535754244674,-0.055273095235279776,0.03317022648019452
cosine_similarity_full,Text similarity,3,-0.015399371139482029,0.021033197632007776,-0.05672832717504504,0.02592958489608099
cosine_similarity_full,Text similarity,4,-0.019747307901421426,0.019923137985287054,-0.05889506414326606,0.019400448340423208
cosine_similarity_full,Text similarity,5,-0.024095244663360823,0.01923796225628991,-0.06189667220731576,0.013706182880594112
cosine_similarity_full,Text similarity,6,-0.02844318142530022,0.019023635204871853,-0.0658234693289463,0.00893710647834586
cosine_similarity_full,Text similarity,7,-0.03279111818723962,0.019295852950351827,-0.07070629742942004,0.005124061054940801
cosine_similarity_full,Text similarity,8,-0.03713905494917902,0.020034792881263332,-0.07650620628099973,0.002228096382641695
cosine_similarity_full,Text similarity,9,-0.041486991711118415,0.021191688242058387,-0.08312737217055806,0.00015338874832122873
cosine_similarity_full,Text similarity,10,-0.04583492847305781,0.022702733653505884,-0.09044442140270115,-0.001225435543414484
karakter_0_6,Grade,1,0.03267787715902702,0.027901951937484227,-0.02214776395869971,0.08750351827675376
karakter_0_6,Grade,2,0.007078698778125628,0.024579350183037228,-0.041218231668226295,0.05537562922447755
karakter_0_6,Grade,3,-0.018520479602775752,0.021723152986810143,-0.06120515601067696,0.024164196805125458
karakter_0_6,Grade,4,-0.044119657983677146,0.01953897854867645,-0.08251256426194967,-0.005726751705404633
karakter_0_6,Grade,5,-0.06971883636457853,0.01826946568819713,-0.10561722696742717,-0.033820445761729885
karakter_0_6,Grade,6,-0.09531801474547992,0.018108021899370448,-0.13089917810749863,-0.059736851383461215
karakter_0_6,Grade,7,-0.1209171931263813,0.019082791317132853,-0.15841371919816732,-0.08342066705459528
karakter_0_6,Grade,8,-0.1465163715072827,0.021036415535154653,-0.1878516505271114,-0.105181092487454
karakter_0_6,Grade,9,-0.17211554988818406,0.023728337899048994,-0.2187402928770687,-0.12549080689929942
karakter_0_6,Grade,10,-0.19771472826908548,0.026938126273081568,-0.25064651048780073,-0.14478294605037023
